<?xml version="1.0" encoding="utf-8"?>
<extension type="component" version="3.1" method="upgrade" client="sellacious">
	<name>com_sellaciousopc</name>
	<author>Aditya Chakraborty</author>
	<creationDate>November 08, 2018</creationDate>
	<copyright>(C) 2012 - 2018 Bhartiy Web Technologies. All rights reserved.</copyright>
	<license>GNU General Public License version 2 or later; see LICENSE.txt</license>
	<authorEmail>info@bhartiy.com</authorEmail>
	<authorUrl>www.bhartiy.com</authorUrl>
	<version>1.6.0</version>
	<description>COM_SELLACIOUSOPC_XML_DESCRIPTION</description>
	<scriptfile>script.php</scriptfile>
	<media folder="media" destination="com_sellaciousopc">
		<folder>css</folder>
		<folder>js</folder>
	</media>
	<files folder="site">
		<filename>sellaciousopc.php</filename>
		<filename>controller.php</filename>
		<folder>models</folder>
		<folder>views</folder>
		<folder>layouts</folder>
		<folder>controllers</folder>
		<folder>language</folder>
	</files>
	<administration>
	    <files folder="administrator">
	        <folder>language</folder>
	    </files>
	</administration>
</extension>
