<?xml version="1.0" encoding="utf-8"?>
<extension type="library" version="3.0" method="upgrade">
	<name>PayPal SDK for Joomla</name>
	<libraryname>paypal</libraryname>
	<author>PayPal Inc.</author>
	<creationDate>November 08, 2018</creationDate>
	<copyright>(c) All rights reserved.</copyright>
	<license> </license>
	<authorUrl>www.bhartiy.com</authorUrl>
	<version>1.6.0</version>
	<description>PayPal PHP SDK is our official Open Source PHP SDK for supporting PayPal Rest APIs. This is the packaging of the same for Joomla CMS.</description>
	<files>
		<folder>composer</folder>
		<folder>PayPal</folder>
		<file>autoload.php</file>
	</files>
	<updateservers>
		<server type="extension" name="Sellacious Updates - lib_paypal">http://sellacious.com/release/updates/v1.6/lib_paypal.xml</server>
	</updateservers>
</extension>
