<?xml version="1.0" encoding="utf-8"?>
<extension version="3.0" type="plugin" method="upgrade" group="sellaciousrules">
	<name>PLG_SELLACIOUSRULES_PRODUCT</name>
	<author>Izhar Aazmi</author>
	<creationDate>November 08, 2018</creationDate>
	<copyright>(C) 2012-2018 Bhartiy Web Technologies. All rights reserved.</copyright>
	<license>GNU/GPL V2+</license>
	<authorEmail>info@bhartiy.com</authorEmail>
	<authorUrl>www.bhartiy.com</authorUrl>
	<version>1.6.0</version>
	<description>PLG_SELLACIOUSRULES_PRODUCT_DESCRIPTION</description>
	<files>
		<folder>forms</folder>
		<folder>language</folder>
		<filename plugin="product">product.php</filename>
	</files>
	<config>
		<fields name="plg_sellaciousrules_product">
			<fieldset
				name="plg_sellaciousrules_product"
				label="PLG_SELLACIOUSRULES_PRODUCT_CONFIG_LABEL"
				description="PLG_SELLACIOUSRULES_PRODUCT_CONFIG_DESC">
			</fieldset>
		</fields>
	</config>
	<updateservers>
		<server type="extension" name="Sellacious Updates - plg_sellaciousrules_product">http://sellacious.com/release/updates/v1.6/plg_sellaciousrules_product.xml</server>
	</updateservers>
</extension>
