<?xml version="1.0" encoding="utf-8"?>
<extension type="module" version="3.0" method="upgrade">
	<name>mod_sellacious_hyperlocal</name>
	<author>Aditya Chakraborty</author>
	<creationDate>November 08, 2018</creationDate>
	<copyright>Copyright (C) 2012-2018 Bhartiy Web Technologies. All rights reserved.</copyright>
	<license>GNU General Public License version 2 or later; see LICENSE.txt</license>
	<authorEmail>info@bhartiy.com</authorEmail>
	<authorUrl>www.bhartiy.com</authorUrl>
	<version>1.6.0</version>
	<description>MOD_SELLACIOUS_HYPERLOCAL_DESC</description>
	<files>
		<filename module="mod_sellacious_hyperlocal">mod_sellacious_hyperlocal.php</filename>
		<filename>helper.php</filename>
		<folder>language</folder>
		<folder>tmpl</folder>
	</files>
	<media folder="media" destination="mod_sellacious_hyperlocal">
		<folder>css</folder>
		<folder>js</folder>
	</media>
	<config>
		<fields name="params">
			<fieldset name="basic">
				<field name="browser_detect"
				       type="radio"
				       class="btn-group btn-group-yesno"
				       label="MOD_SELLACIOUS_HYPERLOCAL_BROWSER_DETECT_LABEL"
				       description="MOD_SELLACIOUS_HYPERLOCAL_BROWSER_DETECT_DESC"
				       default="1">
					<option value="0">JNO</option>
					<option value="1">JYES</option>
				</field>
				<field name="autofill_components"
				       type="checkboxes"
				       multiple="true"
				       label="MOD_SELLACIOUS_HYPERLOCAL_AUTOFILL_COMPONENTS_LABEL"
				       description="MOD_SELLACIOUS_HYPERLOCAL_AUTOFILL_COMPONENTS_DESC"
				       default="zip,city,district,state,country">
					<option value="locality">MOD_SELLACIOUS_HYPERLOCAL_AUTOFILL_OPTION_LOCALITY</option>
					<option value="zip">MOD_SELLACIOUS_HYPERLOCAL_AUTOFILL_OPTION_ZIP</option>
					<option value="city">MOD_SELLACIOUS_HYPERLOCAL_AUTOFILL_OPTION_CITY</option>
					<option value="district">MOD_SELLACIOUS_HYPERLOCAL_AUTOFILL_OPTION_DISTRICT</option>
					<option value="state">MOD_SELLACIOUS_HYPERLOCAL_AUTOFILL_OPTION_STATE</option>
					<option value="country">MOD_SELLACIOUS_HYPERLOCAL_AUTOFILL_OPTION_COUNTRY</option>
				</field>
			</fieldset>
		</fields>
	</config>
</extension>
