<?xml version="1.0" encoding="utf-8"?>
<extension version="3.1" type="plugin" group="sellacious" method="upgrade">
	<name>PLG_SELLACIOUS_USER</name>
	<author>Izhar Aazmi</author>
	<creationDate>November 08, 2018</creationDate>
	<copyright>Copyright (C) 2012-2018 Bhartiy Web Technologies. All rights reserved.</copyright>
	<license>GNU General Public License version 2 or later; see LICENSE.txt</license>
	<authorEmail>info@bhartiy.com</authorEmail>
	<authorUrl>www.bhartiy.com</authorUrl>
	<version>1.6.0</version>
	<description>PLG_SELLACIOUS_USER_DESCRIPTION</description>
	<files>
		<folder>forms</folder>
		<folder>language</folder>
		<filename plugin="user">user.php</filename>
	</files>
	<updateservers>
		<server type="extension" name="Sellacious Updates - plg_sellacious_user">http://sellacious.com/release/updates/v1.6/plg_sellacious_user.xml</server>
	</updateservers>
</extension>
