<?xml version="1.0" encoding="utf-8"?>
<extension type="module" version="3.0" method="upgrade">
	<name>mod_sellacious_stores</name>
	<author>Mohd Kareemuddin</author>
	<creationDate>November 08, 2018</creationDate>
	<copyright>Copyright (C) 2012-2018 Bhartiy Web Technologies. All rights reserved.</copyright>
	<license>GNU General Public License version 2 or later; see LICENSE.txt</license>
	<authorEmail>info@bhartiy.com</authorEmail>
	<authorUrl>www.bhartiy.com</authorUrl>
	<version>1.6.0</version>
	<description>MOD_SELLACIOUS_STORES_DESC</description>

	<files>
		<filename module="mod_sellacious_stores">mod_sellacious_stores.php</filename>
		<filename>helper.php</filename>
		<folder>language</folder>
		<folder>tmpl</folder>
		<folder>assets</folder>
	</files>
	<media folder="media" destination="mod_sellacious_stores">
		<folder>css</folder>
	</media>
	<config>
		<fields name="params">
			<fieldset name="basic" addfieldpath="components/com_sellacious/models/fields">
				<field name="total_records"
				       type="text"
				       label="MOD_SELLACIOUS_STORES_TOTAL_PRODUCTS_LABEL"
				       description="MOD_SELLACIOUS_STORES_TOTAL_PRODUCTS_DESC"
				       default="50"/>
				<field
					name="category_id"
					type="CategoryList"
					label="MOD_SELLACIOUS_STORES_CATEGORY_LABEL"
					description="MOD_SELLACIOUS_STORES_CATEGORY_DESC"
					class="inputbox"
					group="seller"
				>
					<option value="">JSELECT</option>
				</field>
				<field name="display_ratings"
				       type="radio"
				       class="btn-group btn-group-yesno"
				       label="MOD_SELLACIOUS_STORES_DISPLAY_RATINGS"
				       description="MOD_SELLACIOUS_STORES_DISPLAY_RATINGS_DESC"
				       default="1">
					<option value="0">JNO</option>
					<option value="1">JYES</option>
				</field>
				<field name="display_product_count"
				       type="radio"
				       class="btn-group btn-group-yesno"
				       label="MOD_SELLACIOUS_STORES_DISPLAY_PRODUCT_COUNT"
				       description="MOD_SELLACIOUS_STORES_DISPLAY_PRODUCT_COUNT_DESC"
				       default="1">
					<option value="0">JNO</option>
					<option value="1">JYES</option>
				</field>

				<field name="spacer2"
				       type="spacer"
				       hr="true"/>

				<field name="layout"
				       type="list"
				       label="MOD_SELLACIOUS_STORES_LAYOUT_LABEL"
				       description="MOD_SELLACIOUS_STORES_LAYOUT_DESC"
				       default="grid">
					<option value="grid">MOD_SELLACIOUS_STORES_LAYOUT_OPTION_GRID</option>
					<option value="list">MOD_SELLACIOUS_STORES_LAYOUT_OPTION_LIST</option>
					<option value="carousel">MOD_SELLACIOUS_STORES_LAYOUT_OPTION_CAROUSEL</option>
				</field>

				<field name="autoplay"
				       type="radio"
				       class="btn-group btn-group-yesno"
				       label="MOD_SELLACIOUS_STORES_AUTOPLAY_LABEL"
				       description="MOD_SELLACIOUS_STORES_AUTOPLAY_DESC"
				       showon="layout:carousel"
				       default="0">
					<option value="1">JYES</option>
					<option value="0">JNO</option>
				</field>

				<field name="autoplayspeed"
				       type="text"
				       label="MOD_SELLACIOUS_STORES_AUTOPLAY_SPEED_LABEL"
				       description="MOD_SELLACIOUS_STORES_AUTOPLAY_SPEED_DESC"
				       showon="layout:carousel[AND]autoplay:1"
				       default="3000"/>

				<field name="gutter"
				       type="number"
				       label="MOD_SELLACIOUS_STORES_GUTTER_LABEL"
				       description="MOD_SELLACIOUS_STORES_GUTTER_DESC"
				       showon="layout:carousel"
				       default="8"/>

				<field name="spacer3"
				       type="spacer"
				       label="&lt;hr/&gt; &lt;b&gt;Responsive&lt;/b&gt;"
				       showon="layout:carousel"/>

				<field name="responsive0to500"
				       type="list"
				       label="MOD_SELLACIOUS_STORES_RESPONSIVE0TO500_LABEL"
				       description="MOD_SELLACIOUS_STORES_RESPONSIVE0TO500_DESC"
				       showon="layout:carousel"
				       default="1">
					<option value="1">MOD_SELLACIOUS_STORES_RESPONSIVE_OPTION_ONE</option>
					<option value="2">MOD_SELLACIOUS_STORES_RESPONSIVE_OPTION_TWO</option>
					<option value="3">MOD_SELLACIOUS_STORES_RESPONSIVE_OPTION_THREE</option>
					<option value="4">MOD_SELLACIOUS_STORES_RESPONSIVE_OPTION_FOUR</option>
					<option value="5">MOD_SELLACIOUS_STORES_RESPONSIVE_OPTION_FIVE</option>
					<option value="6">MOD_SELLACIOUS_STORES_RESPONSIVE_OPTION_SIX</option>
				</field>

				<field name="responsive500"
				       type="list"
				       label="MOD_SELLACIOUS_STORES_RESPONSIVE500_LABEL"
				       description="MOD_SELLACIOUS_STORES_RESPONSIVE500_DESC"
				       showon="layout:carousel"
				       default="2">
					<option value="1">MOD_SELLACIOUS_STORES_RESPONSIVE_OPTION_ONE</option>
					<option value="2">MOD_SELLACIOUS_STORES_RESPONSIVE_OPTION_TWO</option>
					<option value="3">MOD_SELLACIOUS_STORES_RESPONSIVE_OPTION_THREE</option>
					<option value="4">MOD_SELLACIOUS_STORES_RESPONSIVE_OPTION_FOUR</option>
					<option value="5">MOD_SELLACIOUS_STORES_RESPONSIVE_OPTION_FIVE</option>
					<option value="6">MOD_SELLACIOUS_STORES_RESPONSIVE_OPTION_SIX</option>
				</field>
				<field name="responsive992"
				       type="list"
				       label="MOD_SELLACIOUS_STORES_RESPONSIVE992_LABEL"
				       description="MOD_SELLACIOUS_STORES_RESPONSIVE992_DESC"
				       showon="layout:carousel"
				       default="3">
					<option value="1">MOD_SELLACIOUS_STORES_RESPONSIVE_OPTION_ONE</option>
					<option value="2">MOD_SELLACIOUS_STORES_RESPONSIVE_OPTION_TWO</option>
					<option value="3">MOD_SELLACIOUS_STORES_RESPONSIVE_OPTION_THREE</option>
					<option value="4">MOD_SELLACIOUS_STORES_RESPONSIVE_OPTION_FOUR</option>
					<option value="5">MOD_SELLACIOUS_STORES_RESPONSIVE_OPTION_FIVE</option>
					<option value="6">MOD_SELLACIOUS_STORES_RESPONSIVE_OPTION_SIX</option>
				</field>
				<field name="responsive1200"
				       type="list"
				       label="MOD_SELLACIOUS_STORES_RESPONSIVE1200_LABEL"
				       description="MOD_SELLACIOUS_STORES_RESPONSIVE1200_DESC"
				       showon="layout:carousel"
				       default="4">
					<option value="1">MOD_SELLACIOUS_STORES_RESPONSIVE_OPTION_ONE</option>
					<option value="2">MOD_SELLACIOUS_STORES_RESPONSIVE_OPTION_TWO</option>
					<option value="3">MOD_SELLACIOUS_STORES_RESPONSIVE_OPTION_THREE</option>
					<option value="4">MOD_SELLACIOUS_STORES_RESPONSIVE_OPTION_FOUR</option>
					<option value="5">MOD_SELLACIOUS_STORES_RESPONSIVE_OPTION_FIVE</option>
					<option value="6">MOD_SELLACIOUS_STORES_RESPONSIVE_OPTION_SIX</option>
				</field>
				<field name="responsive1400"
				       type="list"
				       label="MOD_SELLACIOUS_STORES_RESPONSIVE1400_LABEL"
				       description="MOD_SELLACIOUS_STORES_RESPONSIVE1400_DESC"
				       showon="layout:carousel"
				       default="4">
					<option value="1">MOD_SELLACIOUS_STORES_RESPONSIVE_OPTION_ONE</option>
					<option value="2">MOD_SELLACIOUS_STORES_RESPONSIVE_OPTION_TWO</option>
					<option value="3">MOD_SELLACIOUS_STORES_RESPONSIVE_OPTION_THREE</option>
					<option value="4">MOD_SELLACIOUS_STORES_RESPONSIVE_OPTION_FOUR</option>
					<option value="5">MOD_SELLACIOUS_STORES_RESPONSIVE_OPTION_FIVE</option>
					<option value="6">MOD_SELLACIOUS_STORES_RESPONSIVE_OPTION_SIX</option>
				</field>

				<field name="ordering"
				       type="list"
				       label="MOD_SELLACIOUS_STORES_ORDERING_LABEL"
				       description="MOD_SELLACIOUS_STORES_ORDERING_DESC"
				       default="3">
					<option value="1">MOD_SELLACIOUS_STORES_ORDERING_ALPHA</option>
					<option value="2">MOD_SELLACIOUS_STORES_ORDERING_RANDOM</option>
				</field>

				<field name="orderby"
				       type="list"
				       label="MOD_SELLACIOUS_STORES_ORDERBY_LABEL"
				       description="MOD_SELLACIOUS_STORES_ORDERBY_DESC"
				       showon="ordering:1"
				       default="DESC">
					<option value="ASC">MOD_SELLACIOUS_STORES_ORDERBY_ASCENDING</option>
					<option value="DESC">MOD_SELLACIOUS_STORES_ORDERBY_DESCENDING</option>
				</field>
				<field name="class_sfx"
				       type="text"
				       label="MOD_SELLACIOUS_STORES_SHOW_MODULE_CLASS_SUFFIX_LABEL"
				       description="MOD_SELLACIOUS_STORES_SHOW_MODULE_CLASS_SUFFIX_DESC"
				       default=""/>
			</fieldset>
		</fields>
	</config>
	<updateservers>
		<server type="extension" name="Sellacious Updates - mod_sellacious_stores">http://sellacious.com/release/updates/v1.6/mod_sellacious_stores.xml</server>
	</updateservers>
</extension>
