<?xml version="1.0" encoding="utf-8"?>
<extension version="3.1" type="plugin" group="system" method="upgrade">
	<name>System - Sellacious Importer</name>
	<author>Izhar Aazmi</author>
	<creationDate>November 08, 2018</creationDate>
	<copyright>Copyright (C) 2012-2018 Bhartiy Web Technologies. All rights reserved.</copyright>
	<license>GNU General Public License version 2 or later; see LICENSE.txt</license>
	<authorEmail>info@bhartiy.com</authorEmail>
	<authorUrl>www.bhartiy.com</authorUrl>
	<version>1.6.0</version>
	<description><![CDATA[<div class="alert alert-info"><h5>Sellacious Importer</h5>
	<p>Allows importing of data into sellacious using CSV data-sheet. <br>
	The supported CSV format can be downloaded for each category and/or for all categories form the categories and products list pages.</p>
	</div>]]></description>
	<files>
		<filename plugin="sellaciousimporter">sellaciousimporter.php</filename>
		<folder>libraries</folder>
		<folder>forms</folder>
		<folder>tmpl</folder>
		<folder>language</folder>
	</files>
	<media folder="media" destination="plg_system_sellaciousimporter">
		<folder>css</folder>
		<folder>js</folder>
	</media>
	<config>
		<fields name="plg_system_sellaciousimporter">
			<fieldset name="plg_system_sellaciousimporter" label="PLG_SYSTEM_SELLACIOUSIMPORTER_FIELDSET_CONFIG">
				<field
					type="text"
					name="import_source"
					label="PLG_SYSTEM_SELLACIOUSIMPORTER_CONFIG_IMPORT_SOURCE_DIR_LABEL"
					description="PLG_SYSTEM_SELLACIOUSIMPORTER_CONFIG_IMPORT_SOURCE_DIR_DESC"
					default="/import-source"
					class="inputbox medium-input"
				/>
				<field
					name="cron"
					type="radio"
					class="btn-group btn-group-yesno"
					label="PLG_SYSTEM_SELLACIOUSIMPORTER_FIELD_CRON_LABEL"
					description="PLG_SYSTEM_SELLACIOUSIMPORTER_FIELD_CRON_DESC"
					default="1"
				>
					<option value="1">PLG_SYSTEM_SELLACIOUSIMPORTER_FIELD_CRON_OPTION_CRON</option>
					<option value="0">PLG_SYSTEM_SELLACIOUSIMPORTER_FIELD_CRON_OPTION_PAGE</option>
				</field>
				<field
					type="note"
					heading="p"
					class="alert alert-info"
					label="PLG_SYSTEM_SELLACIOUSIMPORTER_FIELD_CRON_KEY_MESSAGE"
				/>
				<field
					name="cron_key"
					type="text"
					label="PLG_SYSTEM_SELLACIOUSIMPORTER_FIELD_CRON_KEY_LABEL"
					description="PLG_SYSTEM_SELLACIOUSIMPORTER_FIELD_CRON_KEY_DESC"
					default=""
					class="inputbox"
				/>
				<field
					type="radio"
					name="category_menu_sync"
					label="PLG_SYSTEM_SELLACIOUSIMPORTER_CONFIG_CATEGORY_MENU_SYNC_LABEL"
					description="PLG_SYSTEM_SELLACIOUSIMPORTER_CONFIG_CATEGORY_MENU_SYNC_DESC"
					default="0"
				>
					<option value="1">JYES</option>
					<option value="0">JNO</option>
				</field>
			</fieldset>
		</fields>
	</config>
	<updateservers>
		<server type="extension" name="Sellacious Updates - plg_system_sellaciousimporter">http://sellacious.com/release/updates/v1.6/plg_system_sellaciousimporter.xml</server>
	</updateservers>
</extension>
