<?xml version="1.0" encoding="utf-8"?>
<extension version="3.0" type="plugin" group="sellaciouspayment" method="upgrade">
	<name>plg_sellaciouspayment_cod</name>
	<author>Izhar Aazmi</author>
	<creationDate>November 08, 2018</creationDate>
	<copyright>Copyright (C) 2012-2018 Bhartiy Web Technologies. All rights reserved.</copyright>
	<license>GNU General Public License version 2 or later; see LICENSE.txt</license>
	<authorEmail>info@bhartiy.com</authorEmail>
	<authorUrl>www.bhartiy.com</authorUrl>
	<version>1.6.0</version>
	<description>PLG_SELLACIOUSPAYMENT_COD_XML_DESCRIPTION</description>
	<files>
		<folder>forms</folder>
		<folder>language</folder>
		<filename plugin="cod">cod.php</filename>
	</files>
	<config>
	</config>
	<updateservers>
		<server type="extension" name="Sellacious Updates - plg_sellaciouspayment_cod">http://sellacious.com/release/updates/v1.6/plg_sellaciouspayment_cod.xml</server>
	</updateservers>
</extension>
