<?xml version="1.0" encoding="utf-8"?>
<extension type="module" version="3.0" client="site" method="upgrade">
	<name>mod_sellacious_filters</name>
	<author>Bhavika Matariya</author>
	<creationDate>November 08, 2018</creationDate>
	<copyright>Copyright (C) 2012-2018 Bhartiy Web Technologies. All rights reserved.</copyright>
	<license>GNU General Public License version 2 or later; see LICENSE.txt</license>
	<authorEmail>info@bhartiy.com</authorEmail>
	<authorUrl>www.bhartiy.com</authorUrl>
	<version>1.6.0</version>
	<description>MOD_SELLACIOUS_FILTERS_DESC</description>
	<scriptfile>script.php</scriptfile>
	<files>
		<filename module="mod_sellacious_filters">mod_sellacious_filters.php</filename>
		<folder>language</folder>
		<folder>tmpl</folder>
		<filename>config.xml</filename>
		<filename>helper.php</filename>
	</files>
	<media folder="media" destination="mod_sellacious_filters">
		<folder>css</folder>
		<folder>less</folder>
		<folder>js</folder>
	</media>
	<config>
		<fields name="params">
			<fieldset name="basic">
				<field
					name="moduleclass_sfx"
					type="text"
					label="COM_MODULES_FIELD_MODULECLASS_SFX_LABEL"
					description="COM_MODULES_FIELD_MODULECLASS_SFX_DESC"
				/>
			</fieldset>
		</fields>
	</config>
	<updateservers>
		<server type="extension" name="Sellacious Updates - mod_sellacious_filters">http://sellacious.com/release/updates/v1.6/mod_sellacious_filters.xml</server>
	</updateservers>
</extension>
