<?xml version="1.0" encoding="utf-8"?>
<extension type="component" version="3.0" method="upgrade">
	<name>com_importer</name>
	<author>Izhar Aazmi</author>
	<creationDate>November 08, 2018</creationDate>
	<copyright>Copyright (C) 2012-2018 Bhartiy Web Technologies. All rights reserved.</copyright>
	<license>GNU General Public License version 2 or later; see LICENSE.txt</license>
	<authorEmail>info@bhartiy.com</authorEmail>
	<authorUrl>www.bhartiy.com</authorUrl>
	<version>1.6.0</version>
	<description>COM_IMPORTER_XML_DESCRIPTION</description>
	<install>
		<sql>
			<file driver="mysqli" charset="utf8">sql/com_importer.install.mysqli.sql</file>
		</sql>
	</install>
	<uninstall>
		<sql>
			<file driver="mysqli" charset="utf8">sql/com_importer.uninstall.mysqli.sql</file>
		</sql>
	</uninstall>
	<update>
		<schemas>
			<schemapath type="mysql">sql/updates/mysqli</schemapath>
		</schemas>
	</update>
	<scriptfile>install.php</scriptfile>
    <files>
    </files>
	<media folder="media" destination="com_importer">
		<folder>images</folder>
		<folder>css</folder>
		<folder>js</folder>
	</media>
	<administration>
		<files folder="administrator">
			<folder>sql</folder>
			<filename>importer.php</filename>
		</files>
	</administration>
    <sellacious>
        <files folder="sellacious">
            <folder>controllers</folder>
            <folder>language</folder>
            <folder>layouts</folder>
            <folder>models</folder>
            <folder>tables</folder>
            <folder>views</folder>
            <filename>access.xml</filename>
            <filename>config.xml</filename>
            <filename>controller.php</filename>
            <filename>importer.php</filename>
        </files>
    </sellacious>
	<updateservers>
		<server type="extension" name="Sellacious Updates - com_importer">http://sellacious.com/release/updates/v1.6/com_importer.xml</server>
	</updateservers>
</extension>
