<?xml version="1.0" encoding="utf-8"?>
<extension version="3.1" type="plugin" group="system" method="upgrade">
	<name>PLG_SYSTEM_SELLACIOUSMAILER</name>
	<author>Izhar Aazmi</author>
	<creationDate>November 08, 2018</creationDate>
	<copyright>Copyright (C) 2012-2018 Bhartiy Web Technologies. All rights reserved.</copyright>
	<license>GNU/GPL V2+</license>
	<authorEmail>info@bhartiy.com</authorEmail>
	<authorUrl>www.bhartiy.com</authorUrl>
	<version>1.6.0</version>
	<description>PLG_SYSTEM_SELLACIOUSMAILER_DESCRIPTION</description>
	<files>
		<folder>tmpl</folder>
		<folder>language</folder>
		<filename plugin="sellaciousmailer">sellaciousmailer.php</filename>
	</files>
	<config>
		<fields name="plg_system_sellaciousmailer">
			<fieldset name="plg_system_sellaciousmailer" label="PLG_SYSTEM_SELLACIOUSMAILER_FIELDSET_CONFIG">
				<field
					name="cron"
					type="radio"
					class="btn-group btn-group-yesno"
					label="PLG_SYSTEM_SELLACIOUSMAILER_FIELD_CRON_LABEL"
					description="PLG_SYSTEM_SELLACIOUSMAILER_FIELD_CRON_DESC"
					default="0"
				>
					<option value="1">JENABLED</option>
					<option value="0">JDISABLED</option>
				</field>
				<field
					type="note"
					heading="p"
					class="alert alert-info"
					label="PLG_SYSTEM_SELLACIOUSMAILER_FIELD_CRON_KEY_MESSAGE"
				/>
				<field
					name="cron_key"
					type="text"
					label="PLG_SYSTEM_SELLACIOUSMAILER_FIELD_CRON_KEY_LABEL"
					description="PLG_SYSTEM_SELLACIOUSMAILER_FIELD_CRON_KEY_DESC"
					default=""
					class="inputbox"
				/>
				<field
					name="limit"
					type="number"
					label="PLG_SYSTEM_SELLACIOUSMAILER_FIELD_LIMIT_LABEL"
					description="PLG_SYSTEM_SELLACIOUSMAILER_FIELD_LIMIT_DESC"
					default="10"
					class="inputbox"
				/>
				<field
					name="retry"
					type="number"
					label="PLG_SYSTEM_SELLACIOUSMAILER_FIELD_RETRY_LABEL"
					description="PLG_SYSTEM_SELLACIOUSMAILER_FIELD_RETRY_DESC"
					default="5"
					class="inputbox"
				/>
			</fieldset>
		</fields>
	</config>
	<updateservers>
		<server type="extension" name="Sellacious Updates - plg_system_sellaciousmailer">http://sellacious.com/release/updates/v1.6/plg_system_sellaciousmailer.xml</server>
	</updateservers>
</extension>
