<?xml version="1.0" encoding="utf-8"?>
<extension type="module" version="3.0" client="site" method="upgrade">
	<name>mod_sellacious_users</name>
	<author>Mohd Kareemuddin</author>
	<creationDate>November 08, 2018</creationDate>
	<copyright>Copyright (C) 2012-2018 Bhartiy Web Technologies. All rights reserved.</copyright>
	<license>GNU General Public License version 2 or later; see LICENSE.txt</license>
	<authorEmail>info@bhartiy.com</authorEmail>
	<authorUrl>www.bhartiy.com</authorUrl>
	<version>1.6.0</version>
	<description>MOD_SELLACIOUS_USERS_DESC</description>
	<files>
		<filename module="mod_sellacious_users">mod_sellacious_users.php</filename>
		<filename>helper.php</filename>
		<folder>language</folder>
		<folder>tmpl</folder>
	</files>
	<media folder="media" destination="mod_sellacious_users">
		<folder>css</folder>
	</media>
	<config>
		<fields name="params">
			<fieldset name="basic" addfieldpath="sellacious/components/com_sellacious/models/fields">
				<field name="count"
				       type="text"
				       label="MOD_SELLACIOUS_USERS_COUNT_LABEL"
				       description="MOD_SELLACIOUS_USERS_COUNT_DESC"
				       default="10"
				       class="inputbox"
				/>
				<!--<field name="profile_type"
				       type="list"
				       label="MOD_SELLACIOUS_USERS_PROFILE_TYPE_LABEL"
				       description="MOD_SELLACIOUS_USERS_PROFILE_TYPE_DESC"
				       class="inputbox"
				>
					<option value="">JSELECT</option>
					<option value="client">MOD_SELLACIOUS_USERS_PROFILE_TYPE_OPTION_CLIENT</option>
					<option value="seller">MOD_SELLACIOUS_USERS_PROFILE_TYPE_OPTION_SELLER</option>
					<option value="mfr">MOD_SELLACIOUS_USERS_PROFILE_TYPE_OPTION_MANUFACTURER</option>
					<option value="staff">MOD_SELLACIOUS_USERS_PROFILE_TYPE_OPTION_STAFF</option>
				</field>-->
				<field
					name="category"
					type="groupedCategoryList"
					label="MOD_SELLACIOUS_USERS_CATEGORY_LABEL"
					description="MOD_SELLACIOUS_CATEGORY_DESC"
					class="inputbox"
					types="client|seller|manufacturer|staff"
				>
					<option value="">JSELECT</option>
				</field>
				<field
					name="avatar"
					type="list"
				    label="MOD_SELLACIOUS_USERS_AVATAR_LABEL"
				    description="MOD_SELLACIOUS_USERS_AVATAR_DESC"
				    default="avatar"
				>
					<option value="avatar">MOD_SELLACIOUS_USERS_AVATAR_PROFILE</option>
					<option value="logo">MOD_SELLACIOUS_USERS_AVATAR_LOGO</option>
				</field>
				<field name="show_avatar"
				       type="list"
				       label="MOD_SELLACIOUS_USERS_SHOW_AVATAR_LABEL"
				       description="MOD_SELLACIOUS_USERS_SHOW_AVATAR_DESC"
				       default="1">
					<option value="1">JYES</option>
					<option value="0">JNO</option>
				</field>
				<field name="show_name"
				       type="list"
				       label="MOD_SELLACIOUS_USERS_SHOW_NAME_LABEL"
				       description="MOD_SELLACIOUS_USERS_SHOW_NAME_DESC"
				       default="1">
					<option value="1">JYES</option>
					<option value="0">JNO</option>
				</field>
				<field name="show_username"
				       type="list"
				       label="MOD_SELLACIOUS_USERS_SHOW_USERNAME_LABEL"
				       description="MOD_SELLACIOUS_USERS_SHOW_USERNAME_DESC"
				       default="1">
					<option value="1">JYES</option>
					<option value="0">JNO</option>
				</field>
				<field name="show_email"
				       type="list"
				       label="MOD_SELLACIOUS_USERS_SHOW_EMAIL_LABEL"
				       description="MOD_SELLACIOUS_USERS_SHOW_EMAIL_DESC"
				       default="1">
					<option value="1">JYES</option>
					<option value="0">JNO</option>
				</field>
				<field name="show_mobile"
				       type="list"
				       label="MOD_SELLACIOUS_USERS_SHOW_MOBILE_LABEL"
				       description="MOD_SELLACIOUS_USERS_SHOW_MOBILE_DESC"
				       default="1">
					<option value="1">JYES</option>
					<option value="0">JNO</option>
				</field>
				<field name="show_company"
				       type="list"
				       label="MOD_SELLACIOUS_USERS_SHOW_COMPANY_LABEL"
				       description="MOD_SELLACIOUS_USERS_SHOW_COMPANY_DESC"
				       default="1">
					<option value="1">JYES</option>
					<option value="0">JNO</option>
				</field>
				<field name="show_link_to_store"
				       type="list"
				       label="MOD_SELLACIOUS_USERS_SHOW_LINK_TO_STORE_LABEL"
				       description="MOD_SELLACIOUS_USERS_SHOW_LINK_TO_STORE_DESC"
				       default="1">
					<option value="1">JYES</option>
					<option value="0">JNO</option>
				</field>
				<field name="show_store_rating"
				       type="list"
				       label="MOD_SELLACIOUS_USERS_SHOW_STORE_RATING_LABEL"
				       description="MOD_SELLACIOUS_USERS_SHOW_STORE_RATING_DESC"
				       default="1">
					<option value="1">JYES</option>
					<option value="0">JNO</option>
				</field>
				<field name="show_order_count"
				       type="list"
				       label="MOD_SELLACIOUS_USERS_SHOW_ORDER_COUNT_LABEL"
				       description="MOD_SELLACIOUS_USERS_SHOW_ORDER_COUNT_DESC"
				       default="1">
					<option value="1">JYES</option>
					<option value="0">JNO</option>
				</field>
				<field name="show_order_amount"
				       type="list"
				       label="MOD_SELLACIOUS_USERS_SHOW_ORDER_AMOUNT_LABEL"
				       description="MOD_SELLACIOUS_USERS_SHOW_ORDER_AMOUNT_DESC"
				       default="1">
					<option value="1">JYES</option>
					<option value="0">JNO</option>
				</field>
				<field
					name="ordering"
					type="list"
					label="MOD_SELLACIOUS_USERS_ORDERING_LABEL"
					description="MOD_SELLACIOUS_USERS_ORDERING_DESC"
					default=""
				>
					<option value="">JSELECT</option>
					<option value="oc">MOD_SELLACIOUS_USERS_ORDERING_ORDER_COUNT_MAX</option>
					<option value="oa">MOD_SELLACIOUS_USERS_ORDERING_ORDER_AMOUNT_MAX</option>
				</field>

				<field
					name="moduleclass_sfx"
					type="text"
					label="COM_MODULES_FIELD_MODULECLASS_SFX_LABEL"
					description="COM_MODULES_FIELD_MODULECLASS_SFX_DESC"
					rows="3"
				/>
			</fieldset>
		</fields>
	</config>
	<updateservers>
		<server type="extension" name="Sellacious Updates - mod_sellacious_users">http://sellacious.com/release/updates/v1.6/mod_sellacious_users.xml</server>
	</updateservers>
</extension>
