<?xml version="1.0" encoding="utf-8"?>
<extension version="3.0" type="plugin" method="upgrade" group="system">
	<name>PLG_SYSTEM_SELLACIOUSGOOGLEMARKUP</name>
	<author>Aditya Chakraborty</author>
	<creationDate>November 08, 2018</creationDate>
	<copyright>(C) 2012-2018 Bhartiy Web Technologies. All rights reserved.</copyright>
	<license>GNU/GPL V2+</license>
	<authorEmail>info@bhartiy.com</authorEmail>
	<authorUrl>www.bhartiy.com</authorUrl>
	<version>1.6.0</version>
	<description>PLG_SYSTEM_SELLACIOUSGOOGLEMARKUP_DESCRIPTION</description>
	<files>
		<folder>language</folder>
		<filename plugin="sellaciousgooglemarkup">sellaciousgooglemarkup.php</filename>
	</files>
	<config>
	</config>
	<updateservers>
		<server type="extension" name="Sellacious Updates - plg_system_sellaciousgooglemarkup">http://sellacious.com/release/updates/v1.6/plg_system_sellaciousgooglemarkup.xml</server>
	</updateservers>
</extension>
