<?xml version="1.0" encoding="utf-8"?>
<access component="com_sellacious">
	<section name="component">
		<actions name="important" title="COM_SELLACIOUS_ACTIONS_CRUCIAL">
			<action name="app.login" title="COM_SELLACIOUS_ACTION_APP_LOGIN_LABEL" description="COM_SELLACIOUS_ACTION_APP_LOGIN_DESC"/>
			<action name="config.edit" title="COM_SELLACIOUS_ACTION_CONFIG_EDIT_LABEL" description="COM_SELLACIOUS_ACTION_CONFIG_EDIT_DESC"/>
			<action name="permissions.edit" title="COM_SELLACIOUS_ACTION_PERMISSIONS_EDIT_LABEL" description="COM_SELLACIOUS_ACTION_PERMISSIONS_EDIT_DESC"/>
			<action name="statistics.visitor" title="COM_SELLACIOUS_ACTION_STATISTICS_VISITOR_LABEL" description="COM_SELLACIOUS_ACTION_STATISTICS_VISITOR_DESC"/>
		</actions>

		<actions name="product" title="COM_SELLACIOUS_ACTIONS_PRODUCT">
			<action name="product.list" title="COM_SELLACIOUS_ACTION_PRODUCT_LIST_LABEL" description="COM_SELLACIOUS_ACTION_PRODUCT_LIST_DESC"/>
			<action name="product.list.own" title="COM_SELLACIOUS_ACTION_PRODUCT_LIST_OWN_LABEL" description="COM_SELLACIOUS_ACTION_PRODUCT_LIST_OWN_DESC"/>
			<action name="product.create" title="COM_SELLACIOUS_ACTION_PRODUCT_CREATE_LABEL" description="COM_SELLACIOUS_ACTION_PRODUCT_CREATE_DESC"/>

			<action name="product.edit.basic" title="COM_SELLACIOUS_ACTION_PRODUCT_EDIT_BASIC_LABEL" description="COM_SELLACIOUS_ACTION_PRODUCT_EDIT_BASIC_DESC"/>
			<action name="product.edit.seller" title="COM_SELLACIOUS_ACTION_PRODUCT_EDIT_SELLER_LABEL" description="COM_SELLACIOUS_ACTION_PRODUCT_EDIT_SELLER_DESC"/>
			<action name="product.edit.pricing" title="COM_SELLACIOUS_ACTION_PRODUCT_EDIT_PRICING_LABEL" description="COM_SELLACIOUS_ACTION_PRODUCT_EDIT_PRICING_DESC"/>
			<action name="product.edit.shipping" title="COM_SELLACIOUS_ACTION_PRODUCT_EDIT_SHIPPING_LABEL" description="COM_SELLACIOUS_ACTION_PRODUCT_EDIT_SHIPPING_DESC"/>
			<action name="product.edit.related" title="COM_SELLACIOUS_ACTION_PRODUCT_EDIT_RELATED_LABEL" description="COM_SELLACIOUS_ACTION_PRODUCT_EDIT_RELATED_DESC"/>
			<action name="product.edit.seo" title="COM_SELLACIOUS_ACTION_PRODUCT_EDIT_SEO_LABEL" description="COM_SELLACIOUS_ACTION_PRODUCT_EDIT_SEO_DESC"/>

			<action name="product.edit.basic.own" title="COM_SELLACIOUS_ACTION_PRODUCT_EDIT_BASIC_OWN_LABEL" description="COM_SELLACIOUS_ACTION_PRODUCT_EDIT_BASIC_OWN_DESC"/>
			<action name="product.edit.seller.own" title="COM_SELLACIOUS_ACTION_PRODUCT_EDIT_SELLER_OWN_LABEL" description="COM_SELLACIOUS_ACTION_PRODUCT_EDIT_SELLER_OWN_DESC"/>
			<action name="product.edit.pricing.own" title="COM_SELLACIOUS_ACTION_PRODUCT_EDIT_PRICING_OWN_LABEL" description="COM_SELLACIOUS_ACTION_PRODUCT_EDIT_PRICING_OWN_DESC"/>
			<action name="product.edit.shipping.own" title="COM_SELLACIOUS_ACTION_PRODUCT_EDIT_SHIPPING_OWN_LABEL" description="COM_SELLACIOUS_ACTION_PRODUCT_EDIT_SHIPPING_OWN_DESC"/>
			<action name="product.edit.related.own" title="COM_SELLACIOUS_ACTION_PRODUCT_EDIT_RELATED_OWN_LABEL" description="COM_SELLACIOUS_ACTION_PRODUCT_EDIT_RELATED_OWN_DESC"/>
			<action name="product.edit.seo.own" title="COM_SELLACIOUS_ACTION_PRODUCT_EDIT_SEO_OWN_LABEL" description="COM_SELLACIOUS_ACTION_PRODUCT_EDIT_SEO_DESC"/>
			<action name="product.delete" title="COM_SELLACIOUS_ACTION_PRODUCT_DELETE_LABEL" description="COM_SELLACIOUS_ACTION_PRODUCT_DELETE_DESC"/>
			<action name="product.delete.own" title="COM_SELLACIOUS_ACTION_PRODUCT_DELETE_OWN_LABEL" description="COM_SELLACIOUS_ACTION_PRODUCT_DELETE_OWN_DESC"/>
			<action name="product.edit.state" title="COM_SELLACIOUS_ACTION_PRODUCT_EDIT_STATE_LABEL" description="COM_SELLACIOUS_ACTION_PRODUCT_EDIT_STATE_DESC"/>
			<action name="product.approve" title="COM_SELLACIOUS_ACTION_PRODUCT_APPROVE_LABEL" description="COM_SELLACIOUS_ACTION_PRODUCT_APPROVE_DESC"/>
		</actions>

		<actions name="variant" title="COM_SELLACIOUS_ACTIONS_VARIANT">
			<action name="variant.create" title="COM_SELLACIOUS_ACTION_VARIANT_CREATE_LABEL" description="COM_SELLACIOUS_ACTION_VARIANT_CREATE_DESC"/>
			<action name="variant.delete" title="COM_SELLACIOUS_ACTION_VARIANT_DELETE_LABEL" description="COM_SELLACIOUS_ACTION_VARIANT_DELETE_DESC"/>
			<action name="variant.delete.own" title="COM_SELLACIOUS_ACTION_VARIANT_DELETE_OWN_LABEL" description="COM_SELLACIOUS_ACTION_VARIANT_DELETE_OWN_DESC"/>
			<action name="variant.edit" title="COM_SELLACIOUS_ACTION_VARIANT_EDIT_LABEL" description="COM_SELLACIOUS_ACTION_VARIANT_EDIT_DESC"/>
			<action name="variant.edit.own" title="COM_SELLACIOUS_ACTION_VARIANT_EDIT_OWN_LABEL" description="COM_SELLACIOUS_ACTION_VARIANT_EDIT_OWN_DESC"/>
		</actions>

		<actions name="shoprules" title="COM_SELLACIOUS_ACTIONS_SHOPRULE">
			<action name="shoprule.list" title="COM_SELLACIOUS_ACTION_SHOPRULE_LIST_LABEL" description="COM_SELLACIOUS_ACTION_SHOPRULE_LIST_DESC"/>
			<action name="shoprule.list.own" title="COM_SELLACIOUS_ACTION_SHOPRULE_LIST_OWN_LABEL" description="COM_SELLACIOUS_ACTION_SHOPRULE_LIST_OWN_DESC"/>
			<action name="shoprule.create" title="COM_SELLACIOUS_ACTION_SHOPRULE_CREATE_LABEL" description="COM_SELLACIOUS_ACTION_SHOPRULE_CREATE_DESC"/>
			<action name="shoprule.delete" title="COM_SELLACIOUS_ACTION_SHOPRULE_DELETE_LABEL" description="COM_SELLACIOUS_ACTION_SHOPRULE_DELETE_DESC"/>
			<action name="shoprule.delete.own" title="COM_SELLACIOUS_ACTION_SHOPRULE_DELETE_OWN_LABEL" description="COM_SELLACIOUS_ACTION_SHOPRULE_DELETE_OWN_DESC"/>
			<action name="shoprule.edit" title="COM_SELLACIOUS_ACTION_SHOPRULE_EDIT_LABEL" description="COM_SELLACIOUS_ACTION_SHOPRULE_EDIT_DESC"/>
			<action name="shoprule.edit.own" title="COM_SELLACIOUS_ACTION_SHOPRULE_EDIT_OWN_LABEL" description="COM_SELLACIOUS_ACTION_SHOPRULE_EDIT_OWN_DESC"/>
			<action name="shoprule.edit.state" title="COM_SELLACIOUS_ACTION_SHOPRULE_EDIT_STATE_LABEL" description="COM_SELLACIOUS_ACTION_SHOPRULE_EDIT_STATE_DESC"/>
		</actions>

		<actions name="shippingrule" title="COM_SELLACIOUS_ACTIONS_SHIPPING_RULE">
			<action name="shippingrule.list" title="COM_SELLACIOUS_ACTION_SHIPPINGRULE_LIST_LABEL" description="COM_SELLACIOUS_ACTION_SHIPPINGRULE_LIST_DESC"/>
			<action name="shippingrule.create" title="COM_SELLACIOUS_ACTION_SHIPPINGRULE_CREATE_LABEL" description="COM_SELLACIOUS_ACTION_SHIPPINGRULE_CREATE_DESC"/>
			<action name="shippingrule.delete" title="COM_SELLACIOUS_ACTION_SHIPPINGRULE_DELETE_LABEL" description="COM_SELLACIOUS_ACTION_SHIPPINGRULE_DELETE_DESC"/>
			<action name="shippingrule.edit" title="COM_SELLACIOUS_ACTION_SHIPPINGRULE_EDIT_LABEL" description="COM_SELLACIOUS_ACTION_SHIPPINGRULE_EDIT_DESC"/>
			<action name="shippingrule.edit.state" title="COM_SELLACIOUS_ACTION_SHIPPINGRULE_EDIT_STATE_LABEL" description="COM_SELLACIOUS_ACTION_SHIPPINGRULE_EDIT_STATE_DESC"/>
		</actions>

		<actions name="category" title="COM_SELLACIOUS_ACTIONS_CATEGORY">
			<action name="category.list" title="COM_SELLACIOUS_ACTION_CATEGORY_LIST_LABEL" description="COM_SELLACIOUS_ACTION_CATEGORY_LIST_DESC"/>
			<action name="category.create" title="COM_SELLACIOUS_ACTION_CATEGORY_CREATE_LABEL" description="COM_SELLACIOUS_ACTION_CATEGORY_CREATE_DESC"/>
			<action name="category.edit" title="COM_SELLACIOUS_ACTION_CATEGORY_EDIT_LABEL" description="COM_SELLACIOUS_ACTION_CATEGORY_EDIT_DESC"/>
			<action name="category.edit.state" title="COM_SELLACIOUS_ACTION_CATEGORY_EDIT_STATE_LABEL" description="COM_SELLACIOUS_ACTION_CATEGORY_EDIT_STATE_DESC"/>
			<action name="category.delete" title="COM_SELLACIOUS_ACTION_CATEGORY_DELETE_LABEL" description="COM_SELLACIOUS_ACTION_CATEGORY_DELETE_DESC"/>
		</actions>

		<actions name="splcategory" title="COM_SELLACIOUS_ACTIONS_SPLCATEGORY">
			<action name="splcategory.list" title="COM_SELLACIOUS_ACTION_SPLCATEGORY_LIST_LABEL" description="COM_SELLACIOUS_ACTION_SPLCATEGORY_LIST_DESC"/>
			<action name="splcategory.create" title="COM_SELLACIOUS_ACTION_SPLCATEGORY_CREATE_LABEL" description="COM_SELLACIOUS_ACTION_SPLCATEGORY_CREATE_DESC"/>
			<action name="splcategory.delete" title="COM_SELLACIOUS_ACTION_SPLCATEGORY_DELETE_LABEL" description="COM_SELLACIOUS_ACTION_SPLCATEGORY_DELETE_DESC"/>
			<action name="splcategory.edit" title="COM_SELLACIOUS_ACTION_SPLCATEGORY_EDIT_LABEL" description="COM_SELLACIOUS_ACTION_SPLCATEGORY_EDIT_DESC"/>
			<action name="splcategory.edit.state" title="COM_SELLACIOUS_ACTION_SPLCATEGORY_EDIT_STATE_LABEL" description="COM_SELLACIOUS_ACTION_SPLCATEGORY_EDIT_STATE_DESC"/>
		</actions>

		<actions name="coupon" title="COM_SELLACIOUS_ACTIONS_COUPON">
			<action name="coupon.list" title="COM_SELLACIOUS_ACTION_COUPON_LIST_LABEL" description="COM_SELLACIOUS_ACTION_COUPON_LIST_DESC"/>
			<action name="coupon.list.own" title="COM_SELLACIOUS_ACTION_COUPON_LIST_OWN_LABEL" description="COM_SELLACIOUS_ACTION_COUPON_LIST_OWN_DESC"/>
			<action name="coupon.create" title="COM_SELLACIOUS_ACTION_COUPON_CREATE_LABEL" description="COM_SELLACIOUS_ACTION_COUPON_CREATE_DESC"/>
			<action name="coupon.edit" title="COM_SELLACIOUS_ACTION_COUPON_EDIT_LABEL" description="COM_SELLACIOUS_ACTION_COUPON_EDIT_DESC"/>
			<action name="coupon.edit.own" title="COM_SELLACIOUS_ACTION_COUPON_EDIT_OWN_LABEL" description="COM_SELLACIOUS_ACTION_COUPON_EDIT_OWN_DESC"/>
			<action name="coupon.delete" title="COM_SELLACIOUS_ACTION_COUPON_DELETE_LABEL" description="COM_SELLACIOUS_ACTION_COUPON_DELETE_DESC"/>
			<action name="coupon.delete.own" title="COM_SELLACIOUS_ACTION_COUPON_DELETE_OWN_LABEL" description="COM_SELLACIOUS_ACTION_COUPON_DELETE_OWN_DESC"/>
			<action name="coupon.edit.state" title="COM_SELLACIOUS_ACTION_COUPON_EDIT_STATE_LABEL" description="COM_SELLACIOUS_ACTION_COUPON_EDIT_STATE_DESC"/>
		</actions>

		<actions name="currency" title="COM_SELLACIOUS_ACTIONS_CURRENCY">
			<action name="currency.list" title="COM_SELLACIOUS_ACTION_CURRENCY_LIST_LABEL" description="COM_SELLACIOUS_ACTION_CURRENCY_LIST_DESC"/>
			<action name="currency.create" title="COM_SELLACIOUS_ACTION_CURRENCY_CREATE_LABEL" description="COM_SELLACIOUS_ACTION_CURRENCY_CREATE_DESC"/>
			<action name="currency.edit" title="COM_SELLACIOUS_ACTION_CURRENCY_EDIT_LABEL" description="COM_SELLACIOUS_ACTION_CURRENCY_EDIT_DESC"/>
			<action name="currency.edit.state" title="COM_SELLACIOUS_ACTION_CURRENCY_EDIT_STATE_LABEL" description="COM_SELLACIOUS_ACTION_CURRENCY_EDIT_STATE_DESC"/>
			<action name="currency.delete" title="COM_SELLACIOUS_ACTION_CURRENCY_DELETE_LABEL" description="COM_SELLACIOUS_ACTION_CURRENCY_DELETE_DESC"/>
			<action name="currency.edit.forex" title="COM_SELLACIOUS_ACTION_CURRENCY_EDIT_FOREX_LABEL" description="COM_SELLACIOUS_ACTION_CURRENCY_EDIT_FOREX_DESC"/>
		</actions>

		<actions name="field" title="COM_SELLACIOUS_ACTIONS_FIELDS">
			<action name="field.list" title="COM_SELLACIOUS_ACTION_FIELD_LIST_LABEL" description="COM_SELLACIOUS_ACTION_FIELD_LIST_DESC"/>
			<action name="field.create" title="COM_SELLACIOUS_ACTION_FIELD_CREATE_LABEL" description="COM_SELLACIOUS_ACTION_FIELD_CREATE_DESC"/>
			<action name="field.delete" title="COM_SELLACIOUS_ACTION_FIELD_DELETE_LABEL" description="COM_SELLACIOUS_ACTION_FIELD_DELETE_DESC"/>
			<action name="field.edit" title="COM_SELLACIOUS_ACTION_FIELD_EDIT_LABEL" description="COM_SELLACIOUS_ACTION_FIELD_EDIT_DESC"/>
			<action name="field.edit.state" title="COM_SELLACIOUS_ACTION_FIELD_EDIT_STATE_LABEL" description="COM_SELLACIOUS_ACTION_FIELD_EDIT_STATE_DESC"/>
		</actions>

		<actions name="paymentmethod" title="COM_SELLACIOUS_ACTIONS_PAYMENTMETHOD">
			<action name="paymentmethod.list" title="COM_SELLACIOUS_ACTION_PAYMENTMETHOD_LIST_LABEL" description="COM_SELLACIOUS_ACTION_PAYMENTMETHOD_LIST_DESC"/>
			<action name="paymentmethod.list.own" title="COM_SELLACIOUS_ACTION_PAYMENTMETHOD_LIST_OWN_LABEL" description="COM_SELLACIOUS_ACTION_PAYMENTMETHOD_LIST_OWN_DESC"/>
			<action name="paymentmethod.create" title="COM_SELLACIOUS_ACTION_PAYMENTMETHOD_CREATE_LABEL" description="COM_SELLACIOUS_ACTION_PAYMENTMETHOD_CREATE_DESC"/>
			<action name="paymentmethod.edit" title="COM_SELLACIOUS_ACTION_PAYMENTMETHOD_EDIT_LABEL" description="COM_SELLACIOUS_ACTION_PAYMENTMETHOD_EDIT_DESC"/>
			<action name="paymentmethod.delete" title="COM_SELLACIOUS_ACTION_PAYMENTMETHOD_DELETE_LABEL" description="COM_SELLACIOUS_ACTION_PAYMENTMETHOD_DELETE_DESC"/>
		</actions>

		<actions name="status" title="COM_SELLACIOUS_ACTIONS_STATUS">
			<action name="status.list" title="COM_SELLACIOUS_ACTION_STATUS_LIST_LABEL" description="COM_SELLACIOUS_ACTION_STATUS_LIST_DESC"/>
			<action name="status.create" title="COM_SELLACIOUS_ACTION_STATUS_CREATE_LABEL" description="COM_SELLACIOUS_ACTION_STATUS_CREATE_DESC"/>
			<action name="status.delete" title="COM_SELLACIOUS_ACTION_STATUS_DELETE_LABEL" description="COM_SELLACIOUS_ACTION_STATUS_DELETE_DESC"/>
			<action name="status.edit" title="COM_SELLACIOUS_ACTION_STATUS_EDIT_LABEL" description="COM_SELLACIOUS_ACTION_STATUS_EDIT_DESC"/>
			<action name="status.edit.state" title="COM_SELLACIOUS_ACTION_STATUS_EDIT_STATE_LABEL" description="COM_SELLACIOUS_ACTION_STATUS_EDIT_STATE_DESC"/>
		</actions>

		<actions name="user" title="COM_SELLACIOUS_ACTIONS_USER">
			<action name="user.list" title="COM_SELLACIOUS_ACTION_USER_LIST_LABEL" description="COM_SELLACIOUS_ACTION_USER_LIST_DESC"/>
			<action name="user.create" title="COM_SELLACIOUS_ACTION_USER_CREATE_LABEL" description="COM_SELLACIOUS_ACTION_USER_CREATE_DESC"/>
			<action name="user.edit" title="COM_SELLACIOUS_ACTION_USER_EDIT_LABEL" description="COM_SELLACIOUS_ACTION_USER_EDIT_DESC"/>
			<action name="user.edit.state" title="COM_SELLACIOUS_ACTION_USER_EDIT_STATE_LABEL" description="COM_SELLACIOUS_ACTION_USER_EDIT_STATE_DESC"/>
			<action name="user.edit.own" title="COM_SELLACIOUS_ACTION_USER_EDIT_OWN_LABEL" description="COM_SELLACIOUS_ACTION_USER_EDIT_OWN_DESC"/>
			<action name="user.delete" title="COM_SELLACIOUS_ACTION_USER_DELETE_LABEL" description="COM_SELLACIOUS_ACTION_USER_DELETE_DESC"/>
		</actions>

		<actions name="unit" title="COM_SELLACIOUS_ACTIONS_UNIT">
			<action name="unit.list" title="COM_SELLACIOUS_ACTION_UNIT_LIST_LABEL" description="COM_SELLACIOUS_ACTION_UNIT_LIST_DESC"/>
			<action name="unit.create" title="COM_SELLACIOUS_ACTION_UNIT_CREATE_LABEL" description="COM_SELLACIOUS_ACTION_UNIT_CREATE_DESC"/>
			<action name="unit.edit" title="COM_SELLACIOUS_ACTION_UNIT_EDIT_LABEL" description="COM_SELLACIOUS_ACTION_UNIT_EDIT_DESC"/>
			<action name="unit.edit.state" title="COM_SELLACIOUS_ACTION_UNIT_EDIT_STATE_LABEL" description="COM_SELLACIOUS_ACTION_UNIT_EDIT_STATE_DESC"/>
			<action name="unit.delete" title="COM_SELLACIOUS_ACTION_UNIT_DELETE_LABEL" description="COM_SELLACIOUS_ACTION_UNIT_DELETE_DESC"/>
		</actions>

		<actions name="order" title="COM_SELLACIOUS_ACTIONS_ORDER">
			<action name="order.list" title="COM_SELLACIOUS_ACTION_ORDER_LIST_LABEL" description="COM_SELLACIOUS_ACTION_ORDER_LIST_DESC"/>
			<action name="order.list.own" title="COM_SELLACIOUS_ACTION_ORDER_LIST_OWN_LABEL" description="COM_SELLACIOUS_ACTION_ORDER_LIST_OWN_DESC"/>
			<action name="order.item.edit.status" title="COM_SELLACIOUS_ACTION_ORDER_ITEM_EDIT_STATUS_LABEL" description="COM_SELLACIOUS_ACTION_ORDER_ITEM_EDIT_STATUS_DESC"/>
			<action name="order.item.edit.status.own" title="COM_SELLACIOUS_ACTION_ORDER_ITEM_EDIT_STATUS_OWN_LABEL" description="COM_SELLACIOUS_ACTION_ORDER_ITEM_EDIT_STATUS_OWN_DESC"/>
			<action name="order.delete" title="COM_SELLACIOUS_ACTION_ORDER_DELETE_LABEL" description="COM_SELLACIOUS_ACTION_TRANSACTION_DELETE_DESC"/>
			<!--<action name="order.delete.own" title="COM_SELLACIOUS_ACTION_ORDER_DELETE_OWN_LABEL" description="COM_SELLACIOUS_ACTION_TRANSACTION_DELETE_OWN_DESC"/>-->
		</actions>

		<actions name="transaction" title="COM_SELLACIOUS_ACTIONS_TRANSACTION">
			<action name="transaction.list" title="COM_SELLACIOUS_ACTION_TRANSACTION_LIST_LABEL" description="COM_SELLACIOUS_ACTION_TRANSACTION_LIST_DESC"/>
			<action name="transaction.list.own" title="COM_SELLACIOUS_ACTION_TRANSACTION_LIST_OWN_LABEL" description="COM_SELLACIOUS_ACTION_TRANSACTION_LIST_OWN_DESC"/>
			<action name="transaction.addfund.direct" title="COM_SELLACIOUS_ACTION_TRANSACTION_ADDFUND_DIRECT_LABEL" description="COM_SELLACIOUS_ACTION_TRANSACTION_ADDFUND_DIRECT_DESC"/>
			<action name="transaction.addfund.gateway" title="COM_SELLACIOUS_ACTION_TRANSACTION_ADDFUND_GATEWAY_LABEL" description="COM_SELLACIOUS_ACTION_TRANSACTION_ADDFUND_GATEWAY_DESC"/>
			<action name="transaction.addfund.direct.own" title="COM_SELLACIOUS_ACTION_TRANSACTION_ADDFUND_DIRECT_OWN_LABEL" description="COM_SELLACIOUS_ACTION_TRANSACTION_ADDFUND_DIRECT_OWN_DESC"/>
			<action name="transaction.addfund.gateway.own" title="COM_SELLACIOUS_ACTION_TRANSACTION_ADDFUND_GATEWAY_OWN_LABEL" description="COM_SELLACIOUS_ACTION_TRANSACTION_ADDFUND_GATEWAY_OWN_DESC"/>
			<action name="transaction.withdraw" title="COM_SELLACIOUS_ACTION_TRANSACTION_WITHDRAW_LABEL" description="COM_SELLACIOUS_ACTION_TRANSACTION_WITHDRAW_DESC"/>
			<action name="transaction.withdraw.own" title="COM_SELLACIOUS_ACTION_TRANSACTION_WITHDRAW_OWN_LABEL" description="COM_SELLACIOUS_ACTION_TRANSACTION_WITHDRAW_OWN_DESC"/>
			<action name="transaction.withdraw.approve" title="COM_SELLACIOUS_ACTION_TRANSACTION_WITHDRAW_APPROVE_LABEL" description="COM_SELLACIOUS_ACTION_TRANSACTION_WITHDRAW_APPROVE_DESC"/>
			<action name="transaction.delete" title="COM_SELLACIOUS_ACTION_TRANSACTION_DELETE_LABEL" description="COM_SELLACIOUS_ACTION_TRANSACTION_DELETE_DESC"/>
			<action name="transaction.delete.own" title="COM_SELLACIOUS_ACTION_TRANSACTION_DELETE_OWN_LABEL" description="COM_SELLACIOUS_ACTION_TRANSACTION_DELETE_OWN_DESC"/>

		</actions>

		<actions name="emailtemplate" title="COM_SELLACIOUS_ACTIONS_EMAILTEMPLATE">
			<action name="emailtemplate.list" title="COM_SELLACIOUS_ACTION_EMAILTEMPLATE_LIST_LABEL" description="COM_SELLACIOUS_ACTION_EMAILTEMPLATE_LIST_DESC"/>
			<action name="emailtemplate.edit" title="COM_SELLACIOUS_ACTION_EMAILTEMPLATE_EDIT_LABEL" description="COM_SELLACIOUS_ACTION_EMAILTEMPLATE_EDIT_DESC"/>
		</actions>

		<actions name="location" title="COM_SELLACIOUS_ACTIONS_LOCATION">
			<action name="location.list" title="COM_SELLACIOUS_ACTION_LOCATION_LIST_LABEL" description="COM_SELLACIOUS_ACTION_LOCATION_LIST_DESC"/>
			<action name="location.list.own" title="COM_SELLACIOUS_ACTION_LOCATION_LIST_OWN_LABEL" description="COM_SELLACIOUS_ACTION_LOCATION_LIST_OWN_DESC"/>
			<action name="location.create" title="COM_SELLACIOUS_ACTION_LOCATION_CREATE_LABEL" description="COM_SELLACIOUS_ACTION_LOCATION_CREATE_DESC"/>
			<action name="location.edit" title="COM_SELLACIOUS_ACTION_LOCATION_EDIT_LABEL" description="COM_SELLACIOUS_ACTION_LOCATION_EDIT_DESC"/>
			<action name="location.edit.state" title="COM_SELLACIOUS_ACTION_LOCATION_EDIT_STATE_LABEL" description="COM_SELLACIOUS_ACTION_LOCATION_EDIT_STATE_DESC"/>
			<action name="location.delete" title="COM_SELLACIOUS_ACTION_LOCATION_DELETE_LABEL" description="COM_SELLACIOUS_ACTION_LOCATION_DELETE_DESC"/>
		</actions>

		<actions name="message" title="COM_SELLACIOUS_ACTIONS_MESSAGE">
			<action name="message.list" title="COM_SELLACIOUS_ACTION_MESSAGE_LIST_LABEL" description="COM_SELLACIOUS_ACTION_MESSAGE_LIST_DESC"/>
			<action name="message.list.own" title="COM_SELLACIOUS_ACTION_MESSAGE_LIST_OWN_LABEL" description="COM_SELLACIOUS_ACTION_MESSAGE_LIST_OWN_DESC"/>
			<action name="message.create" title="COM_SELLACIOUS_ACTION_MESSAGE_CREATE_LABEL" description="COM_SELLACIOUS_ACTION_MESSAGE_CREATE_DESC"/>
			<action name="message.create.bulk" title="COM_SELLACIOUS_ACTION_MESSAGE_CREATE_BULK_LABEL" description="COM_SELLACIOUS_ACTION_MESSAGE_CREATE_BULK_DESC"/>
			<action name="message.reply" title="COM_SELLACIOUS_ACTION_MESSAGE_REPLY_LABEL" description="COM_SELLACIOUS_ACTION_MESSAGE_REPLY_DESC"/>
			<action name="message.reply.own" title="COM_SELLACIOUS_ACTION_MESSAGE_REPLY_OWN_LABEL" description="COM_SELLACIOUS_ACTION_MESSAGE_REPLY_OWN_DESC"/>
			<action name="message.html" title="COM_SELLACIOUS_ACTION_MESSAGE_HTML_LABEL" description="COM_SELLACIOUS_ACTION_MESSAGE_HTML_DESC"/>
			<action name="message.delete" title="COM_SELLACIOUS_ACTION_MESSAGE_DELETE_LABEL" description="COM_SELLACIOUS_ACTION_MESSAGE_DELETE_DESC"/>
		</actions>

		<actions name="rating" title="COM_SELLACIOUS_ACTIONS_RATING">
			<action name="rating.list" title="COM_SELLACIOUS_ACTION_RATING_LIST_LABEL" description="COM_SELLACIOUS_ACTION_RATING_LIST_DESC"/>
			<action name="rating.list.own" title="COM_SELLACIOUS_ACTION_RATING_LIST_OWN_LABEL" description="COM_SELLACIOUS_ACTION_RATING_LIST_OWN_DESC"/>
			<action name="rating.edit.state" title="COM_SELLACIOUS_ACTION_RATING_EDIT_STATE_LABEL" description="COM_SELLACIOUS_ACTION_RATING_EDIT_STATE_DESC"/>
			<action name="rating.delete" title="COM_SELLACIOUS_ACTION_RATING_DELETE_LABEL" description="COM_SELLACIOUS_ACTION_RATING_DELETE_DESC"/>
		</actions>

		<actions name="license" title="COM_SELLACIOUS_ACTIONS_LICENSE">
			<action name="license.list" title="COM_SELLACIOUS_ACTION_LICENSE_LIST_LABEL" description="COM_SELLACIOUS_ACTION_LICENSE_LIST_DESC"/>
			<action name="license.create" title="COM_SELLACIOUS_ACTION_LICENSE_CREATE_LABEL" description="COM_SELLACIOUS_ACTION_LICENSE_CREATE_DESC"/>
			<action name="license.delete" title="COM_SELLACIOUS_ACTION_LICENSE_DELETE_LABEL" description="COM_SELLACIOUS_ACTION_LICENSE_DELETE_DESC"/>
			<action name="license.edit" title="COM_SELLACIOUS_ACTION_LICENSE_EDIT_LABEL" description="COM_SELLACIOUS_ACTION_LICENSE_EDIT_DESC"/>
			<action name="license.edit.state" title="COM_SELLACIOUS_ACTION_LICENSE_EDIT_STATE_LABEL" description="COM_SELLACIOUS_ACTION_LICENSE_EDIT_STATE_DESC"/>
		</actions>

		<actions name="mailqueue" title="COM_SELLACIOUS_ACTIONS_MAILQUEUE">
			<action name="mailqueue.list" title="COM_SELLACIOUS_ACTION_MAILQUEUE_LIST_LABEL" description="COM_SELLACIOUS_ACTION_MAILQUEUE_LIST_DESC"/>
		</actions>

		<actions name="download" title="COM_SELLACIOUS_ACTIONS_DOWNLOAD">
			<action name="download.list" title="COM_SELLACIOUS_ACTION_DOWNLOAD_LIST_LABEL" description="COM_SELLACIOUS_ACTION_DOWNLOAD_LIST_DESC"/>
			<action name="download.list.own" title="COM_SELLACIOUS_ACTION_DOWNLOAD_LIST_OWN_LABEL" description="COM_SELLACIOUS_ACTION_DOWNLOAD_LIST_OWN_DESC"/>
		</actions>

		<actions name="question" title="COM_SELLACIOUS_ACTIONS_QUESTION">
			<action name="question.list" title="COM_SELLACIOUS_ACTION_QUESTION_LIST_LABEL" description="COM_SELLACIOUS_ACTION_QUESTION_LIST_DESC"/>
			<action name="question.list.own" title="COM_SELLACIOUS_ACTION_QUESTION_LIST_OWN_LABEL" description="COM_SELLACIOUS_ACTION_QUESTION_LIST_OWN_DESC"/>
			<action name="question.edit" title="COM_SELLACIOUS_ACTION_QUESTION_EDIT_LABEL" description="COM_SELLACIOUS_ACTION_QUESTION_EDIT_DESC"/>
			<action name="question.edit.own" title="COM_SELLACIOUS_ACTION_QUESTION_EDIT_OWN_LABEL" description="COM_SELLACIOUS_ACTION_QUESTION_EDIT_OWN_DESC"/>
		</actions>

		<!--
		<action name="media.add" title="COM_SELLACIOUS_ACTION_MEDIA_ADD_LABEL" description="COM_SELLACIOUS_ACTION_MEDIA_ADD_DESC"/>
		<action name="media.delete" title="COM_SELLACIOUS_ACTION_MEDIA_DELETE_LABEL" description="COM_SELLACIOUS_ACTION_MEDIA_DELETE_DESC"/>
		<action name="media.edit" title="COM_SELLACIOUS_ACTION_MEDIA_EDIT_LABEL" description="COM_SELLACIOUS_ACTION_MEDIA_EDIT_DESC"/>
		<action name="media.view" title="COM_SELLACIOUS_ACTION_MEDIA_VIEW_LABEL" description="COM_SELLACIOUS_ACTION_MEDIA_VIEW_DESC"/>
		-->
		<!--
		<action name="product.edit" title="COM_SELLACIOUS_ACTION_PRODUCT_EDIT_LABEL" description="COM_SELLACIOUS_ACTION_PRODUCT_EDIT_DESC"/>
		<action name="product.edit.own" title="COM_SELLACIOUS_ACTION_PRODUCT_EDIT_OWN_LABEL" description="COM_SELLACIOUS_ACTION_PRODUCT_EDIT_OWN_DESC"/>
		-->
		<!--<action name="variant.edit.state" title="COM_SELLACIOUS_ACTION_VARIANT_EDIT_STATE_LABEL" description="COM_SELLACIOUS_ACTION_VARIANT_EDIT_STATE_DESC"/>-->
		<!-- NOT DONE ACTIONS BELOW -->
		<!--
		<action name="category.rebuild" title="COM_SELLACIOUS_ACTION_CATEGORY_REBUILD_LABEL" description="COM_SELLACIOUS_ACTION_CATEGORY_REBUILD_DESC"/>
		<action name="group.rebuild" title="COM_SELLACIOUS_ACTION_GROUP_REBUILD_LABEL" description="COM_SELLACIOUS_ACTION_GROUP_REBUILD_DESC"/>
		<action name="reporting.accounts" title="COM_SELLACIOUS_ACTION_REPORTING_ACCOUNTS_LABEL" description="COM_SELLACIOUS_ACTION_REPORTING_ACCOUNTS_DESC"/>
		<action name="order.edit.state" title="COM_SELLACIOUS_ACTION_ORDER_EDIT_STATE_LABEL" description="COM_SELLACIOUS_ACTION_ORDER_EDIT_STATE_DESC"/>
		<action name="shoprule.rebuild" title="COM_SELLACIOUS_ACTION_SHOPRULE_REBUILD_LABEL" description="COM_SELLACIOUS_ACTION_SHOPRULE_REBUILD_DESC"/>
		<action name="splcategory.rebuild" title="COM_SELLACIOUS_ACTION_SPLCATEGORY_REBUILD_LABEL" description="COM_SELLACIOUS_ACTION_SPLCATEGORY_REBUILD_DESC"/>
		-->
	</section>
</access>
