<?xml version="1.0" encoding="utf-8"?>
<extension version="3.0" type="plugin" method="upgrade" group="system">
	<name>PLG_SYSTEM_SELLACIOUSCACHE</name>
	<author>Izhar Aazmi</author>
	<creationDate>November 08, 2018</creationDate>
	<copyright>(C) 2012-2018 Bhartiy Web Technologies. All rights reserved.</copyright>
	<license>GNU/GPL V2+</license>
	<authorEmail>info@bhartiy.com</authorEmail>
	<authorUrl>www.bhartiy.com</authorUrl>
	<version>1.6.0</version>
	<description>PLG_SYSTEM_SELLACIOUSCACHE_DESCRIPTION</description>
	<files>
		<folder>language</folder>
		<filename plugin="sellaciouscache">sellaciouscache.php</filename>
	</files>
	<config>
		<fields name="plg_system_sellaciouscache">
			<fieldset name="plg_system_sellaciouscache" label="PLG_SYSTEM_SELLACIOUSCACHE_FIELDSET_CONFIG">
				<field
					name="cron"
					type="radio"
					class="btn-group btn-group-yesno"
					label="PLG_SYSTEM_SELLACIOUSCACHE_FIELD_CRON_LABEL"
					description="PLG_SYSTEM_SELLACIOUSCACHE_FIELD_CRON_DESC"
					default="0"
				>
					<option value="1">JENABLED</option>
					<option value="0">JDISABLED</option>
				</field>
				<field
					type="note"
					heading="p"
					class="alert alert-info"
					label="PLG_SYSTEM_SELLACIOUSCACHE_FIELD_CRON_KEY_MESSAGE"
				/>
				<field
					name="cron_key"
					type="text"
					label="PLG_SYSTEM_SELLACIOUSCACHE_FIELD_CRON_KEY_LABEL"
					description="PLG_SYSTEM_SELLACIOUSCACHE_FIELD_CRON_KEY_DESC"
					default=""
					class="inputbox"
				/>
			</fieldset>
		</fields>
	</config>
	<updateservers>
		<server type="extension" name="Sellacious Updates - plg_system_sellaciouscache">http://sellacious.com/release/updates/v1.6/plg_system_sellaciouscache.xml</server>
	</updateservers>
</extension>
