<?xml version="1.0" encoding="utf-8"?>
<extension version="3.1" type="plugin" group="system" method="upgrade">
	<name>PLG_SYSTEM_SELLACIOUSREPORTSCART</name>
	<author>Aditya Chakraborty</author>
	<creationDate>November 08, 2018</creationDate>
	<copyright>(C) 2012-2018 Bhartiy Web Technologies. All rights reserved.</copyright>
	<license>GNU/GPL V2+</license>
	<authorEmail>info@bhartiy.com</authorEmail>
	<authorUrl>www.bhartiy.com</authorUrl>
	<version>1.6.0</version>
	<description>PLG_SYSTEM_SELLACIOUSREPORTSCART_DESC</description>
	<files>
		<filename plugin="sellaciousreportscart">sellaciousreportscart.php</filename>
		<folder>language</folder>
		<folder>libraries</folder>
		<folder>manifests</folder>
		<folder>forms</folder>
		<folder>tmpl</folder>
	</files>
	<config>
	</config>
	<updateservers>
		<server type="extension" name="Sellacious Updates - plg_system_sellaciousreportscart">http://sellacious.com/release/updates/v1.6/plg_system_sellaciousreportscart.xml</server>
	</updateservers>
</extension>
