<?xml version="1.0" encoding="utf-8"?>
<extension version="3.1" type="plugin" group="finder" method="upgrade">
	<name>plg_finder_sellaciousproduct</name>
	<author>Izhar Aazmi</author>
	<creationDate>November 08, 2018</creationDate>
	<copyright>Copyright (C) 2012-2018 Bhartiy Web Technologies. All rights reserved.</copyright>
	<license>GNU/GPL V2+</license>
	<authorEmail>info@bhartiy.com</authorEmail>
	<authorUrl>www.bhartiy.com</authorUrl>
	<version>1.6.0</version>
	<description>PLG_FINDER_SELLACIOUSPRODUCT_XML_DESCRIPTION</description>
	<files>
		<filename plugin="sellaciousproduct">sellaciousproduct.php</filename>
		<folder>language</folder>
	</files>
	<config>
	</config>
	<updateservers>
		<server type="extension" name="Sellacious Updates - plg_finder_sellaciousproduct">http://sellacious.com/release/updates/v1.6/plg_finder_sellaciousproduct.xml</server>
	</updateservers>
</extension>
