<?xml version="1.0" encoding="utf-8"?>
<extension type="module" version="3.1" client="site" method="upgrade">
	<name>mod_usercurrency</name>
	<author>Izhar Aazmi</author>
	<creationDate>November 08, 2018</creationDate>
	<copyright>Copyright (C) 2012-2018 Bhartiy Web Technologies. All rights reserved.</copyright>
	<license>GNU General Public License version 2 or later; see LICENSE.txt</license>
	<authorEmail>info@bhartiy.org</authorEmail>
	<authorUrl>www.joomla.org</authorUrl>
	<version>1.6.0</version>
	<description>MOD_USERCURRENCY_XML_DESCRIPTION</description>
	<files>
		<folder>tmpl</folder>
		<folder>language</folder>
		<filename module="mod_usercurrency">mod_usercurrency.php</filename>
	</files>
	<media folder="media" destination="mod_usercurrency">
		<folder>css</folder>
		<folder>js</folder>
		<folder>img</folder>
	</media>
	<config>
	</config>
	<updateservers>
		<server type="extension" name="Sellacious Updates - mod_usercurrency">http://sellacious.com/release/updates/v1.6/mod_usercurrency.xml</server>
	</updateservers>
</extension>
