<?xml version="1.0" encoding="utf-8"?>
<extension version="3.0" type="plugin" method="upgrade" group="sellaciousrules">
	<name>PLG_SELLACIOUSRULES_CLIENT</name>
	<author>Izhar Aazmi</author>
	<creationDate>November 08, 2018</creationDate>
	<copyright>(C) 2012-2018 Bhartiy Web Technologies. All rights reserved.</copyright>
	<license>GNU/GPL V2+</license>
	<authorEmail>info@bhartiy.com</authorEmail>
	<authorUrl>www.bhartiy.com</authorUrl>
	<version>1.6.0</version>
	<description>PLG_SELLACIOUSRULES_CLIENT_DESCRIPTION</description>
	<files>
		<folder>forms</folder>
		<folder>language</folder>
		<filename plugin="client">client.php</filename>
	</files>
	<config>
		<fields name="plg_sellaciousrules_client">
			<fieldset
				name="plg_sellaciousrules_client"
				label="PLG_SELLACIOUSRULES_CLIENT_CONFIG_LABEL"
				description="PLG_SELLACIOUSRULES_CLIENT_CONFIG_DESC">
			</fieldset>
		</fields>
	</config>
	<updateservers>
		<server type="extension" name="Sellacious Updates - plg_sellaciousrules_client">http://sellacious.com/release/updates/v1.6/plg_sellaciousrules_client.xml</server>
	</updateservers>
</extension>
