<?xml version="1.0"?>
<report xmlns:xsi="http://www.w3.org/2001/XMLSchema-instance"
        xmlns="urn:joomla.org"
        xsi:schemaLocation="urn:joomla.org report.xsd">
	<type>cart</type>
	<label>PLG_SYSTEM_SELLACIOUSREPORTSCART_HANDLER_CART_LABEL</label>
	<desc>PLG_SYSTEM_SELLACIOUSREPORTSCART_HANDLER_CART_DESC</desc>
	<columns ordering="user_email">
		<column
			name="user_id"
			title="PLG_SYSTEM_SELLACIOUSREPORTSCART_USER_ID"
			sortable="true"
			filterable="true"
			sortorder="ASC"
		/>
		<column
			name="user_email"
			title="PLG_SYSTEM_SELLACIOUSREPORTSCART_USER_EMAIL"
			sortable="true"
			filterable="true"
			sortorder="ASC"
		/>
		<column
			name="total_products"
			title="PLG_SYSTEM_SELLACIOUSREPORTSCART_PRODUCTS"
			sortable="true"
			filterable="true"
			sortorder="DESC"
		/>
		<column
			name="shipping"
			title="PLG_SYSTEM_SELLACIOUSREPORTSCART_SHIPPING"
			sortable="true"
			filterable="true"
			sortorder="DESC"
		/>
		<column
			name="billing"
			title="PLG_SYSTEM_SELLACIOUSREPORTSCART_BILLING"
			sortable="true"
			filterable="true"
			sortorder="DESC"
		/>
		<column
			name="checkout_answered"
			title="PLG_SYSTEM_SELLACIOUSREPORTSCART_CHECKOUT_ANSWERED"
			sortable="false"
			filterable="false"
			sortorder="DESC"
		/>
		<column
			name="shipment_selected"
			title="PLG_SYSTEM_SELLACIOUSREPORTSCART_SHIPMENT_SELECTED"
			sortable="false"
			filterable="false"
			sortorder="DESC"
		/>
		<column
			name="payment_status"
			title="PLG_SYSTEM_SELLACIOUSREPORTSCART_PAYMENT_STATUS"
			sortable="true"
			filterable="true"
			sortorder="DESC"
		/>
		<column
			name="cart_total"
			title="PLG_SYSTEM_SELLACIOUSREPORTSCART_CART_TOTAL"
			sortable="false"
			filterable="false"
			sortorder="DESC"
		/>
		<column
			name="last_modified"
			title="PLG_SYSTEM_SELLACIOUSREPORTSCART_LAST_MODIFIED"
			sortable="true"
			filterable="true"
			sortorder="DESC"
		/>
		<column
			name="time_since"
			title="PLG_SYSTEM_SELLACIOUSREPORTSCART_TIME_SINCE"
			sortable="true"
			filterable="true"
			sortorder="DESC"
		/>
		<column
			name="abandoned_cart"
			title="PLG_SYSTEM_SELLACIOUSREPORTSCART_ABANDONED_CART"
			sortable="true"
			filterable="true"
			sortorder="ASC"
		/>
	</columns>
</report>
