<?xml version="1.0"?>
<report xmlns:xsi="http://www.w3.org/2001/XMLSchema-instance"
        xmlns="urn:joomla.org"
        xsi:schemaLocation="urn:joomla.org report.xsd">
	<type>seller</type>
	<label>PLG_SYSTEM_SELLACIOUSREPORTSCART_HANDLER_SELLER_LABEL</label>
	<desc>PLG_SYSTEM_SELLACIOUSREPORTSCART_HANDLER_SELLER_DESC</desc>
	<columns ordering="seller_name">
		<column
			name="seller_name"
			title="PLG_SYSTEM_SELLACIOUSREPORTSCART_SELLER_NAME"
			sortable="true"
			filterable="true"
			sortorder="ASC"
		/>
		<column
			name="company_name"
			title="PLG_SYSTEM_SELLACIOUSREPORTSCART_COMPANY_NAME"
			sortable="true"
			filterable="true"
			sortorder="ASC"
		/>
		<column
			name="total_products"
			title="PLG_SYSTEM_SELLACIOUSREPORTSCART_SELLER_TOTAL_PRODUCT"
			sortable="true"
			filterable="true"
			sortorder="ASC"
		/>
		<column
			name="total_sales"
			title="PLG_SYSTEM_SELLACIOUSREPORTSCART_TOTAL_SALES"
			sortable="true"
			filterable="true"
			sortorder="ASC"
		/>
		<column
			name="total_sales_value"
			title="PLG_SYSTEM_SELLACIOUSREPORTSCART_TOTAL_SALES_VALUE"
			sortable="true"
			filterable="true"
			sortorder="ASC"
		/>
		<column
			name="total_commission"
			title="PLG_SYSTEM_SELLACIOUSREPORTSCART_TOTAL_COMMISSION"
			sortable="true"
			filterable="true"
			sortorder="ASC"
		/>
		<column
			name="total_completed_orders"
			title="PLG_SYSTEM_SELLACIOUSREPORTSCART_TOTAL_COMPLETED_ORDERS"
			sortable="true"
			filterable="true"
			sortorder="ASC"
		/>
		<column
			name="total_completed_value"
			title="PLG_SYSTEM_SELLACIOUSREPORTSCART_TOTAL_COMPLETED_VALUE"
			sortable="true"
			filterable="true"
			sortorder="ASC"
		/>
		<column
			name="total_cancelled_orders"
			title="PLG_SYSTEM_SELLACIOUSREPORTSCART_TOTAL_CANCELLED_ORDERS"
			sortable="true"
			filterable="true"
			sortorder="ASC"
		/>
		<column
			name="total_cancelled_value"
			title="PLG_SYSTEM_SELLACIOUSREPORTSCART_TOTAL_CANCELLED_VALUE"
			sortable="true"
			filterable="true"
			sortorder="ASC"
		/>
		<column
			name="total_exchanged_orders"
			title="PLG_SYSTEM_SELLACIOUSREPORTSCART_TOTAL_EXCHANGED_ORDERS"
			sortable="true"
			filterable="true"
			sortorder="ASC"
		/>
		<column
			name="total_exchanged_value"
			title="PLG_SYSTEM_SELLACIOUSREPORTSCART_TOTAL_EXCHANGED_VALUE"
			sortable="true"
			filterable="true"
			sortorder="ASC"
		/>
	</columns>
</report>
