<?xml version="1.0" encoding="utf-8"?>
<extension version="3.1" type="plugin" group="system" method="upgrade">
	<name>PLG_SYSTEM_SELLACIOUS</name>
	<author>Izhar Aazmi</author>
	<creationDate>November 08, 2018</creationDate>
	<copyright>Copyright (C) 2012-2018 Bhartiy Web Technologies. All rights reserved.</copyright>
	<license>GNU/GPL V2+</license>
	<authorEmail>info@bhartiy.com</authorEmail>
	<authorUrl>www.bhartiy.com</authorUrl>
	<version>1.6.0</version>
	<description>PLG_SYSTEM_SELLACIOUS_DESCRIPTION</description>
	<files>
		<folder>forms</folder>
		<folder>language</folder>
		<filename plugin="sellacious">sellacious.php</filename>
	</files>
	<updateservers>
		<server type="extension" name="Sellacious Updates - plg_system_sellacious">http://sellacious.com/release/updates/v1.6/plg_system_sellacious.xml</server>
	</updateservers>
</extension>
