<?xml version="1.0" encoding="utf-8"?>
<extension type="module" version="3.0" client="site" method="upgrade">
	<name>mod_sellacious_cart</name>
	<author>Bhavika Matariya</author>
	<creationDate>November 08, 2018</creationDate>
	<copyright>Copyright (C) 2012-2018 Bhartiy Web Technologies. All rights reserved.</copyright>
	<license>GNU General Public License version 2 or later; see LICENSE.txt</license>
	<authorEmail>info@bhartiy.com</authorEmail>
	<authorUrl>www.bhartiy.com</authorUrl>
	<version>1.6.0</version>
	<description>MOD_SELLACIOUS_CART_DESC</description>

	<files>
		<filename module="mod_sellacious_cart">mod_sellacious_cart.php</filename>
		<folder>language</folder>
		<folder>tmpl</folder>
	</files>
	<media folder="media" destination="mod_sellacious_cart">
		<folder>css</folder>
		<folder>js</folder>
	</media>
	<config>
		<fields name="params">
			<fieldset name="basic">
				<field name="class_sfx" type="text" default=""
						label="MOD_SELLACIOUS_CART_SHOW_MODULE_CLASS_SUFFIX_LABEL"
						description="MOD_SELLACIOUS_CART_SHOW_MODULE_CLASS_SUFFIX_DESC" />
			</fieldset>
		</fields>
	</config>
	<updateservers>
		<server type="extension" name="Sellacious Updates - mod_sellacious_cart">http://sellacious.com/release/updates/v1.6/mod_sellacious_cart.xml</server>
	</updateservers>
</extension>
